configuration,n_features,mean_accuracy,mean_macro_f1
Dsem,4,0.37593561368209255,0.23742256779892043
Dsen,4,0.3872837022132797,0.2690754937663245
Fvt,4,0.37593561368209255,0.23746842057874523
Dsem+Dsen,5,0.3844265593561368,0.2665824965674449
Dsem+Fvt,5,0.37593561368209255,0.23742256779892043
Dsen+Fvt,5,0.3872837022132797,0.2690754937663245
Dsem+Dsen+Fvt,6,0.3844265593561368,0.2665824965674449
