fold,accuracy,macro_f1,f1_positive,f1_negative,f1_neutral,f1_positive_sarcasm,f1_negative_sarcasm
1,0.6666666666666666,0.4833333333333333,0.75,0.0,1.0,0.0,0.6666666666666666
2,0.5833333333333334,0.4666666666666666,0.0,0.0,1.0,0.6666666666666666,0.6666666666666666
3,0.5,0.42857142857142855,0.5714285714285714,0.0,1.0,0.0,0.5714285714285714
4,0.5833333333333334,0.4666666666666666,0.6666666666666666,0.0,1.0,0.0,0.6666666666666666
5,0.6666666666666666,0.4833333333333333,0.6666666666666666,0.0,1.0,0.0,0.75
mean±std,0.6000±0.0624,0.4657±0.0200,0.5310±0.2714,0.0000±0.0000,1.0000±0.0000,0.1333±0.2667,0.6643±0.0565
